CommitID,Payment,Ordering,Webhooks,Basket,Identity,Catalog,Marketing,
44d3fcf7,Y,Y,Y,Y,Y,Y,Y,
3a1aff01,Y,Y,Y,Y,Y,Y,Y,
593be81b,Y,Y,Y,Y,Y,Y,Y,
ade6358e,Y,Y,Y,Y,Y,Y,Y,
dcd0f3fb,N,Y,N,N,N,Y,N,
0c14810a,N,Y,Y,N,Y,N,Y,
c3f71786,N,Y,N,N,N,Y,Y,
866e89ca,N,Y,Y,Y,Y,Y,N,
a1f64f9b,Y,Y,N,Y,N,Y,Y,
5013ff40,Y,Y,Y,Y,Y,Y,Y,
b34b8d24,Y,Y,Y,Y,Y,Y,Y,
9bbb37ae,Y,Y,Y,Y,Y,Y,Y,
34a0c034,Y,Y,Y,Y,Y,Y,Y,
9b57122f,Y,Y,Y,Y,Y,Y,Y,
a2053deb,Y,Y,Y,Y,Y,Y,Y,
791e7d64,N,Y,N,Y,N,N,N,
ffe2884d,Y,Y,N,Y,N,Y,Y,
87036386,Y,Y,Y,Y,Y,Y,Y,
038b3caf,Y,Y,Y,Y,Y,Y,Y,
bdcab37c,Y,Y,N,N,N,N,N,
bf85169d,N,Y,N,Y,N,N,N,
033ebd35,Y,Y,Y,Y,Y,Y,Y,
216463f8,N,Y,Y,Y,N,Y,N,
56f3a6b8,N,Y,Y,N,N,Y,N,
671d8b1e,N,Y,Y,Y,Y,Y,Y,
0a0b013b,N,Y,Y,N,N,Y,N,
e10fbfd6,N,Y,N,N,N,Y,N,
8b0ec903,N,N,N,Y,N,Y,Y,
bacf3029,N,N,N,Y,Y,N,N,
50a1e131,Y,Y,Y,Y,Y,Y,Y,
eb080668,N,Y,Y,Y,Y,N,Y,
79405b89,Y,Y,Y,Y,Y,Y,Y,
fe93901f,N,N,N,N,Y,Y,N,
756142db,Y,Y,N,Y,Y,Y,Y,
31f77cb7,Y,Y,Y,N,N,N,Y,
5b5b0d1b,N,Y,N,N,N,N,Y,
1e490848,N,Y,N,N,N,N,N,
66bee875,N,N,N,Y,N,Y,Y,
577aca1d,Y,Y,Y,Y,Y,Y,Y,
96c3b127,N,Y,N,Y,N,Y,Y,
437bdd74,Y,Y,Y,Y,Y,Y,Y,
58f156f4,Y,Y,Y,Y,Y,Y,Y,
91515e7e,N,Y,Y,Y,N,N,Y,
61ecfba0,Y,Y,N,N,N,Y,N,
914e8bd0,Y,Y,Y,Y,Y,Y,Y,
3ef07a58,N,N,N,Y,N,Y,Y,
06018d40,Y,Y,Y,Y,Y,Y,Y,
be75d554,Y,Y,Y,Y,Y,Y,Y,
493df257,N,Y,N,Y,N,Y,Y,
e987dcfb,N,N,N,Y,N,Y,N,
396d33fe,Y,Y,Y,Y,N,Y,Y,
e809029e,Y,Y,Y,Y,Y,Y,Y,
0706c724,Y,Y,N,Y,Y,Y,Y,
905f8552,Y,Y,N,Y,Y,Y,Y,
65b7b31d,Y,Y,Y,Y,Y,Y,Y,
06e07914,Y,Y,N,Y,Y,Y,Y,
1f762a6b,N,N,N,Y,Y,Y,Y,
76e1072d,N,Y,N,Y,N,N,N,
2717659a,N,Y,N,Y,N,N,N,
e98c625f,Y,Y,Y,Y,Y,Y,Y,
b6b0744c,Y,Y,N,Y,Y,Y,Y,
38a86f19,Y,Y,N,Y,Y,Y,Y,
185a5dcc,Y,Y,Y,Y,Y,Y,Y,
e310a525,N,N,N,Y,N,Y,N,
7dbab01b,N,Y,N,Y,N,Y,N,
63a325e9,N,Y,N,N,Y,Y,Y,
dfc680e1,Y,Y,N,Y,N,Y,Y,
405e5be6,Y,Y,N,Y,N,Y,N,
12148c97,Y,Y,N,Y,N,Y,Y,
2158938d,Y,Y,N,Y,N,Y,Y,
122fab51,Y,Y,N,Y,N,Y,Y,
82033055,N,Y,N,Y,Y,Y,N,
5b237b0a,N,N,Y,N,N,Y,N,
423066a8,N,Y,N,Y,N,Y,N,
b9839d15,N,Y,N,Y,N,N,N,
24b660f3,N,N,N,Y,N,Y,N,
3a22e2f3,N,N,N,Y,N,Y,N,
586c6de0,N,N,Y,N,Y,N,N,
8677b8d2,N,N,Y,N,Y,Y,N,
873d70a6,N,Y,N,Y,N,Y,Y,
dbf175f9,Y,Y,N,Y,Y,Y,Y,
fa0b1a7a,Y,Y,N,Y,Y,Y,Y,
ffca2da0,Y,Y,N,Y,Y,Y,Y,
82bda5cd,Y,Y,N,N,Y,N,N,
0f6f4e6d,Y,Y,N,Y,Y,Y,Y,
73412e26,N,Y,N,Y,N,Y,N,
8cdfbfb9,Y,Y,N,Y,Y,Y,Y,
b8969e67,N,Y,N,Y,N,Y,Y,
deb3d38e,N,Y,N,Y,Y,Y,Y,
9775219a,Y,Y,N,Y,Y,Y,Y,
e3f8ac6e,N,Y,N,N,N,Y,N,
24bed0aa,N,Y,N,N,N,Y,N,
1fdcc5cc,N,Y,N,Y,N,N,N,
349d5ea3,N,Y,N,Y,Y,Y,Y,
a0647953,N,Y,N,N,Y,N,N,
1b89edec,N,N,N,N,Y,Y,N,
91d06af3,N,Y,N,Y,Y,Y,N,
b005b63f,N,Y,N,Y,Y,Y,Y,
d7d4dd4b,N,Y,N,Y,N,N,N,
afca2308,N,Y,N,Y,N,Y,Y,
51236fd5,Y,Y,N,Y,Y,Y,Y,
89fb5d6f,N,Y,N,N,N,N,N,
684aa492,Y,Y,N,Y,Y,Y,Y,
36fb20ac,N,Y,N,N,N,Y,N,
b02c1b82,Y,Y,N,Y,Y,Y,Y,
d1b6bc84,Y,Y,N,Y,Y,Y,Y,
25c752c6,N,Y,N,N,N,N,N,
04560ff4,N,Y,N,N,Y,N,N,
02f94eeb,Y,Y,N,Y,Y,Y,Y,
f1f17798,N,Y,N,Y,Y,N,N,
b78daa46,Y,Y,N,Y,Y,Y,Y,
c17ecfa1,Y,Y,N,Y,Y,Y,Y,
039632be,Y,Y,N,Y,Y,Y,Y,
c1db0703,Y,Y,N,Y,Y,Y,Y,
ccad3546,Y,Y,N,Y,Y,Y,Y,
954d8718,N,Y,N,N,Y,N,N,
6cc87fc8,N,N,N,Y,Y,N,N,
0be655d2,N,N,N,Y,Y,N,N,
8edd7361,N,N,N,Y,N,Y,N,
b0d4ae5a,N,Y,N,Y,N,Y,N,
2a81a080,N,N,N,Y,N,Y,N,
1c6431d5,N,N,N,Y,N,Y,N,
2451ab9d,N,Y,N,N,Y,Y,Y,
dcb9b873,N,N,N,Y,Y,N,N,
47a33ddd,N,N,N,Y,N,Y,Y,
23bdd59b,Y,Y,N,Y,Y,Y,Y,
02f5e115,Y,N,N,Y,Y,N,N,
9371eb10,Y,Y,N,Y,Y,Y,Y,
607a3049,Y,Y,N,Y,Y,Y,Y,
e4fa15b8,Y,Y,N,Y,Y,Y,Y,
470e6268,Y,Y,N,Y,Y,Y,Y,
ec36772c,N,Y,N,N,N,N,Y,
77e5f9ba,Y,Y,N,Y,Y,Y,Y,
924c7350,Y,Y,N,Y,Y,Y,Y,
abb9bcfe,Y,Y,N,Y,Y,Y,Y,
595e6e49,Y,Y,N,Y,Y,Y,Y,
4dff728d,N,Y,N,Y,Y,N,N,
091ed81e,Y,Y,N,Y,Y,Y,Y,
ebf9822a,N,Y,N,N,N,N,N,
80462033,Y,Y,N,Y,N,Y,Y,
ee61c8f4,N,Y,N,N,Y,Y,Y,
8c810ad8,N,Y,N,Y,N,Y,Y,
2ad61d90,N,Y,N,N,N,N,Y,
c51c101f,Y,Y,N,Y,Y,Y,Y,
42ce1962,Y,Y,N,Y,Y,Y,Y,
e1c93bd0,N,Y,N,N,N,N,N,
7dfb2db7,Y,Y,N,Y,Y,Y,Y,
dc98e6a4,Y,Y,N,Y,Y,Y,Y,
1b38589f,Y,Y,N,Y,N,Y,Y,
9e535930,N,Y,N,Y,N,Y,Y,
c3e15969,Y,Y,N,Y,Y,Y,Y,
a04cef97,Y,Y,N,Y,Y,Y,Y,
373bdd98,N,Y,N,N,Y,Y,Y,
d8b374ac,N,Y,N,N,N,Y,Y,
04c90f09,N,Y,N,N,Y,N,N,
49c825d1,Y,N,N,Y,N,N,Y,
226c03b5,N,Y,N,N,Y,Y,Y,
7321d5e5,Y,Y,N,Y,Y,Y,Y,
6fd4f460,Y,Y,N,Y,N,Y,Y,
8198126d,Y,Y,N,Y,Y,Y,Y,
70e429b7,N,Y,N,N,N,Y,Y,
c9ff332b,N,N,N,Y,N,N,Y,
dc566ea2,Y,Y,N,Y,N,Y,Y,
9ed7325e,N,Y,N,Y,Y,Y,Y,
6ac34cbd,N,N,N,Y,N,N,Y,
364c07a5,N,Y,N,N,N,Y,N,
c4454b00,Y,N,N,N,N,N,Y,
360456f0,N,N,N,N,N,N,Y,
03d5a50a,Y,N,N,N,N,N,Y,
01469da7,N,Y,N,Y,N,Y,N,
58f3b5b2,N,Y,N,N,N,N,N,
8288acf3,Y,Y,N,Y,N,Y,Y,
3d552b32,N,Y,N,N,N,N,N,
d35dc2ea,Y,N,N,N,N,N,N,
87ea62cc,Y,N,N,N,N,N,Y,
f39fdb92,N,Y,N,Y,N,N,N,
d289ec00,Y,Y,N,Y,Y,N,Y,
f0f88aee,N,N,N,N,N,Y,Y,
540f7510,N,N,N,N,Y,N,N,
a65e9c01,N,N,N,N,N,N,Y,
525040b9,Y,N,N,N,N,Y,Y,
f9934638,Y,Y,N,Y,Y,Y,Y,
d65a1125,Y,Y,N,Y,Y,Y,Y,
a56f99f6,N,Y,N,Y,N,Y,N,
18b91ee5,N,Y,N,N,Y,Y,N,
6b466a2c,N,Y,N,N,N,N,N,
56902a55,Y,Y,N,Y,N,Y,Y,
445101b3,N,Y,N,N,Y,Y,N,
9fee40e3,N,N,N,N,Y,N,Y,
e80c5efd,N,N,N,N,Y,N,Y,
a9c185a4,N,Y,N,N,N,Y,N,
5f28f8f7,N,Y,N,N,N,Y,N,
0ffa9cb9,N,N,N,N,N,N,Y,
f1ccc24c,N,N,N,N,N,N,Y,
41654878,N,N,N,N,N,N,Y,
1881ed14,N,N,N,N,N,N,Y,
9bf56700,N,N,N,N,N,N,Y,
4b8723f7,N,N,N,N,N,N,Y,
41101164,N,N,N,N,Y,N,N,
8d0ef809,N,N,N,N,Y,N,N,
bae10b07,N,N,N,N,Y,N,N,
13cfe433,N,N,N,N,Y,N,N,
b42fe352,N,Y,N,N,N,Y,N,
694253d4,N,Y,N,N,N,Y,N,
1ac1dae9,N,N,N,N,N,N,Y,
4dc8b65e,N,N,N,N,N,N,Y,
18167186,N,Y,N,Y,N,Y,N,
83ae0d48,N,Y,N,Y,N,Y,N,
9d5cde20,N,N,N,N,Y,Y,N,
83166cde,N,N,N,N,Y,Y,N,
41a68142,N,Y,N,Y,N,Y,N,
4410e455,N,Y,N,Y,Y,Y,N,
ad4142b9,N,Y,N,Y,Y,Y,N,
ed0e548e,N,Y,N,Y,N,Y,N,
e4549408,N,Y,N,Y,N,Y,N,
9a100c9a,N,Y,N,Y,N,Y,N,
04b35492,N,Y,N,Y,N,Y,N,
8c2af8c0,N,Y,N,N,N,N,N,
889d3c86,N,Y,N,N,N,N,N,
4790981e,N,Y,N,Y,N,Y,N,
c211f968,N,Y,N,Y,N,Y,N,
9e755046,N,Y,N,Y,Y,Y,N,
ec07a687,N,Y,N,Y,Y,Y,N,
85b61a2b,N,Y,N,Y,Y,N,N,
b13fce70,N,Y,N,Y,Y,N,N,
c1320f44,N,Y,N,Y,N,Y,N,
b2d28218,N,Y,N,Y,N,Y,N,
c5778a04,N,Y,N,Y,Y,Y,N,
e4f5b501,N,Y,N,Y,Y,Y,N,
45fff656,N,Y,N,N,N,Y,N,
689096f4,N,Y,N,N,N,Y,N,
6c9d2cdb,N,Y,N,Y,N,N,N,
d9d26beb,N,Y,N,Y,N,N,N,
0ee173cd,Y,Y,N,N,N,Y,N,
9b449461,Y,Y,N,N,N,Y,N,
f3b6444e,N,Y,N,Y,N,Y,N,
8b80eeae,N,Y,N,Y,N,Y,N,
b12e8e39,N,Y,N,N,N,N,N,
587de20d,N,Y,N,N,N,N,N,
afc247da,N,Y,N,Y,N,N,N,
b2b01bae,N,Y,N,Y,N,N,N,
f79806e8,N,Y,N,Y,N,N,N,
e104da9f,N,Y,N,Y,N,N,N,
e4c8462f,N,Y,N,N,N,N,N,
a4124d77,N,Y,N,N,N,N,N,
7fc63fe1,Y,Y,N,Y,Y,Y,N,
1c728535,Y,Y,N,Y,Y,Y,N,
21fe9b7b,N,Y,N,Y,N,N,N,
9e00dcee,N,Y,N,Y,N,N,N,
9a6ad2cc,N,Y,N,N,N,Y,N,
10e24272,N,Y,N,N,N,Y,N,
61cc09ed,N,Y,N,N,N,Y,N,
62969304,N,Y,N,N,N,Y,N,
95af2d9a,N,Y,N,N,Y,Y,N,
5d098b14,N,Y,N,N,Y,Y,N,
7fe643f0,N,Y,N,N,N,N,N,
39feb017,N,Y,N,N,N,N,N,
c5cca8f3,N,Y,N,Y,Y,Y,N,
8d09abbb,N,Y,N,Y,Y,Y,N,
04b5577e,N,Y,N,N,N,N,N,
f5ab8333,N,Y,N,N,N,N,N,
cde4c3a2,N,Y,N,N,N,N,N,
6f760577,N,Y,N,N,N,N,N,
d97ae6d6,N,Y,N,N,N,N,N,
e8133328,N,Y,N,N,N,N,N,
bfe86c1c,N,Y,N,Y,N,N,N,
f297f8b6,N,Y,N,Y,N,N,N,
79f8f1b9,N,Y,N,Y,N,Y,N,
a09d7fd3,N,Y,N,Y,N,Y,N,
4b1467a7,N,Y,N,N,N,N,N,
69d7399e,N,Y,N,N,N,N,N,
829f13af,N,Y,N,Y,Y,Y,N,
22cc8daa,N,Y,N,Y,Y,Y,N,
6f8cd174,N,Y,N,Y,N,Y,N,
aeddf51a,N,Y,N,Y,N,Y,N,
ed797080,N,Y,N,N,N,N,N,
ee787dca,N,Y,N,N,N,N,N,
995cc890,N,Y,N,N,N,N,N,
077868e5,N,Y,N,N,N,N,N,
8a19fad3,Y,Y,N,N,Y,N,N,
d2dc0351,Y,Y,N,N,Y,N,N,
44e39a68,N,Y,N,Y,N,Y,N,
09a53f01,N,Y,N,Y,N,Y,N,
4ef6b639,N,Y,N,Y,N,Y,N,
c3351330,N,Y,N,Y,N,Y,N,
3c909ff3,N,Y,N,N,N,Y,N,
202882aa,N,Y,N,Y,N,Y,N,
d9c004a9,N,Y,N,Y,N,N,N,
e08fe895,N,N,N,N,Y,Y,N,
cea96002,N,Y,N,Y,N,N,N,
3a7a14bd,N,Y,N,Y,N,Y,N,
0d78461a,N,Y,N,N,N,Y,N,
313976da,N,N,N,Y,Y,Y,N,
5b9b9239,N,Y,N,Y,Y,Y,N,
561ba3b1,N,Y,N,Y,N,Y,N,
de8aded2,N,Y,N,Y,N,N,N,
260df610,N,Y,N,N,N,N,N,
3ec61e0d,N,Y,N,Y,Y,Y,N,
c7e31741,N,Y,N,N,N,N,N,
5a374e97,N,N,N,Y,N,Y,N,
b9c1778d,N,Y,N,N,N,N,N,
c8df9a23,N,N,N,Y,N,Y,N,
8423c8bb,N,N,N,Y,N,Y,N,
e41ce96f,N,N,N,Y,N,N,N,
faf4ada8,N,N,N,N,N,Y,N,
c8f0776f,N,Y,N,N,N,N,N,
f6b23355,N,Y,N,N,N,N,N,
254d4795,N,N,N,Y,N,Y,N,
f502c238,N,N,N,N,N,Y,N,
172367d9,N,N,N,Y,N,Y,N,
4d1269b8,N,N,N,Y,N,Y,N,
5b38a49f,N,N,N,Y,N,Y,N,
3e795ac3,N,Y,N,Y,N,Y,N,
ee131982,N,Y,N,Y,N,Y,N,
9edf68ba,N,Y,N,Y,N,Y,N,
18a40204,N,N,N,N,N,Y,N,
c38e0782,N,Y,N,Y,Y,Y,N,
9e250007,N,Y,N,Y,Y,Y,N,
e7ec7260,N,Y,N,N,N,N,N,
f9b15481,N,Y,N,N,N,Y,N,
32bb724d,N,Y,N,Y,Y,Y,N,
faa24c75,N,Y,N,Y,Y,Y,N,
3df4f3a2,N,Y,N,Y,Y,Y,N,
67ab1159,N,Y,N,N,N,N,N,
e66b6a24,N,Y,N,N,Y,N,N,
bfe2139a,N,Y,N,N,N,N,N,
a1f4082e,N,N,N,Y,N,Y,N,
92daab8f,N,Y,N,Y,Y,Y,N,
79615664,N,Y,N,Y,Y,Y,N,
5b97c732,N,Y,N,Y,Y,Y,N,
bb5d4873,N,Y,N,Y,Y,Y,N,
9ccf7f11,N,Y,N,Y,Y,Y,N,
c7e362ac,N,Y,N,Y,Y,Y,N,
af14d373,N,Y,N,Y,Y,Y,N,
8325ddbd,N,Y,N,N,N,N,N,
d07b9846,N,N,N,Y,Y,Y,N,
0a18af14,N,Y,N,N,N,Y,N,
963de048,N,Y,N,Y,N,N,N,
8c6ee100,N,N,N,Y,Y,Y,N,
c29b783d,N,N,N,N,Y,N,N,
fa6a273a,N,Y,N,N,N,N,N,
9d2d152c,N,Y,N,N,N,N,N,
2babf6e4,N,Y,N,N,N,N,N,
3c277a49,N,Y,N,N,N,N,N,
ac146f44,N,Y,N,N,Y,N,N,
d8a0d9bb,N,Y,N,Y,N,Y,N,
0e7e4e41,N,Y,N,Y,Y,N,N,
e4d3c66d,N,Y,N,N,Y,N,N,
10f3e17b,N,Y,N,Y,Y,Y,N,
31753fc0,N,Y,N,Y,Y,Y,N,
44f238f3,N,Y,N,Y,Y,Y,N,
9e72fe7c,N,Y,N,Y,Y,N,N,
64d3919a,N,Y,N,Y,Y,N,N,
42f35374,N,Y,N,Y,Y,Y,N,
0a344f6c,N,Y,N,Y,Y,N,N,
a939fe7a,N,Y,N,N,Y,N,N,
339ea43f,N,Y,N,N,N,Y,N,
b345bd51,N,N,N,Y,Y,N,N,
1ae4d01f,N,Y,N,N,N,Y,N,
95af3364,N,Y,N,N,N,Y,N,
6cff3aaf,N,N,N,Y,N,Y,N,
97e83b1f,N,N,N,Y,N,Y,N,
28b4ccb3,N,Y,N,N,N,N,N,
68bcb70f,N,Y,N,N,N,N,N,
1ba70879,N,Y,N,N,N,N,N,
ec6256ef,N,Y,N,N,N,N,N,
e898bc0d,N,Y,N,Y,N,Y,N,
